{"cameraMode":{"drawMode":0,"name":"Shaded","section":"Shading Mode"},"sceneLighting":true,"audioPlay":false,"sceneViewState":{"m_AlwaysRefresh":false,"showFog":true,"showSkybox":true,"showFlares":true,"showImageEffects":true,"showParticleSystems":true,"showVisualEffectGraphs":true,"m_FxEnabled":true},"in2DMode":false,"pivot":{"x":30.600000381469728,"y":1.4299999475479127,"z":60.040000915527347},"rotation":{"x":0.2108224779367447,"y":-0.071774423122406,"z":0.015523416921496392,"w":0.9747627973556519},"size":7.139707565307617,"orthographic":true}