{"cameraMode":{"drawMode":0,"name":"Shaded","section":"Shading Mode"},"sceneLighting":false,"audioPlay":false,"sceneViewState":{"m_AlwaysRefresh":false,"showFog":true,"showSkybox":false,"showFlares":true,"showImageEffects":true,"showParticleSystems":true,"showVisualEffectGraphs":true,"m_FxEnabled":true},"in2DMode":false,"pivot":{"x":-2.3481791019439699,"y":2.203191041946411,"z":-0.06483173370361328},"rotation":{"x":0.0328017920255661,"y":0.10773149877786637,"z":-0.0035564331337809564,"w":0.9936328530311585},"size":3.4464452266693117,"orthographic":false}