{"cameraMode":{"drawMode":0,"name":"Shaded","section":"Shading Mode"},"sceneLighting":false,"audioPlay":false,"sceneViewState":{"m_AlwaysRefresh":false,"showFog":true,"showSkybox":false,"showFlares":true,"showImageEffects":true,"showParticleSystems":true,"showVisualEffectGraphs":true,"m_FxEnabled":true},"in2DMode":false,"pivot":{"x":-0.14328554272651673,"y":1.6678526401519776,"z":-5.960464477539063e-8},"rotation":{"x":0.01855512335896492,"y":0.9790772795677185,"z":-0.1736142635345459,"w":0.10466727614402771},"size":2.1508851051330568,"orthographic":true}