{"cameraMode":{"drawMode":0,"name":"Shaded","section":"Shading Mode"},"sceneLighting":true,"audioPlay":false,"sceneViewState":{"m_AlwaysRefresh":false,"showFog":true,"showSkybox":true,"showFlares":true,"showImageEffects":true,"showParticleSystems":true,"showVisualEffectGraphs":true,"m_FxEnabled":true},"in2DMode":false,"pivot":{"x":759.2047729492188,"y":219.63888549804688,"z":-41.55268859863281},"rotation":{"x":0.16416490077972413,"y":-0.03225293383002281,"z":0.005370371975004673,"w":0.9858936071395874},"size":391.521728515625,"orthographic":true}